{
  "project_info": {
    "project_number": "154817114625",
    "firebase_url": "https://toursimapp-6c6c7-default-rtdb.firebaseio.com",
    "project_id": "toursimapp-6c6c7",
    "storage_bucket": "toursimapp-6c6c7.appspot.com"
  },
  "client": [
    {
      "client_info": {
        "mobilesdk_app_id": "1:154817114625:android:9483f2d6d88ecfddbbc600",
        "android_client_info": {
          "package_name": "com.example.toursimapp"
        }
      },
      "oauth_client": [
        {
          "client_id": "154817114625-3r1dhufm2moucaibccrvbr6v8102qh79.apps.googleusercontent.com",
          "client_type": 3
        }
      ],
      "api_key": [
        {
          "current_key": "AIzaSyAswDgeCmxRql86RGxsNE1IJ7RvYbNDA3k"
        }
      ],
      "services": {
        "appinvite_service": {
          "other_platform_oauth_client": [
            {
              "client_id": "154817114625-3r1dhufm2moucaibccrvbr6v8102qh79.apps.googleusercontent.com",
              "client_type": 3
            }
          ]
        }
      }
    }
  ],
  "configuration_version": "1"
}