{
  "v": "5.7.5",
  "fr": 29.9700012207031,
  "ip": 0,
  "op": 120.0000048877,
  "w": 150,
  "h": 150,
  "nm": "Bayar Gagal",
  "ddd": 0,
  "assets": [],
  "layers": [
    {
      "ddd": 0,
      "ind": 1,
      "ty": 4,
      "nm": "x Outlines",
      "sr": 1,
      "ks": {
        "o": {
          "a": 1,
          "k": [
            {
              "i": {
                "x": [
                  0.667
                ],
                "y": [
                  1
                ]
              },
              "o": {
                "x": [
                  0.931
                ],
                "y": [
                  0.002
                ]
              },
              "t": 0,
              "s": [
                0
              ]
            },
            {
              "t": 15.0000006109625,
              "s": [
                100
              ]
            }
          ],
          "ix": 11
        },
        "r": {
          "a": 1,
          "k": [
            {
              "i": {
                "x": [
                  0.667
                ],
                "y": [
                  1
                ]
              },
              "o": {
                "x": [
                  0.333
                ],
                "y": [
                  0
                ]
              },
              "t": 15,
              "s": [
                0
              ]
            },
            {
              "i": {
                "x": [
                  0.667
                ],
                "y": [
                  1
                ]
              },
              "o": {
                "x": [
                  0.333
                ],
                "y": [
                  0
                ]
              },
              "t": 19,
              "s": [
                -10
              ]
            },
            {
              "i": {
                "x": [
                  0.667
                ],
                "y": [
                  1
                ]
              },
              "o": {
                "x": [
                  0.333
                ],
                "y": [
                  0
                ]
              },
              "t": 23,
              "s": [
                10
              ]
            },
            {
              "t": 27.0000010997325,
              "s": [
                0
              ]
            }
          ],
          "ix": 10
        },
        "p": {
          "a": 0,
          "k": [
            75,
            75,
            0
          ],
          "ix": 2,
          "l": 2
        },
        "a": {
          "a": 0,
          "k": [
            26,
            26,
            0
          ],
          "ix": 1,
          "l": 2
        },
        "s": {
          "a": 1,
          "k": [
            {
              "i": {
                "x": [
                  0.667,
                  0.667,
                  0.667
                ],
                "y": [
                  1,
                  1,
                  1
                ]
              },
              "o": {
                "x": [
                  0.333,
                  0.333,
                  0.333
                ],
                "y": [
                  0,
                  0,
                  0
                ]
              },
              "t": 0,
              "s": [
                0,
                0,
                100
              ]
            },
            {
              "t": 15.0000006109625,
              "s": [
                100,
                100,
                100
              ]
            }
          ],
          "ix": 6,
          "l": 2
        }
      },
      "ao": 0,
      "shapes": [
        {
          "ty": "gr",
          "it": [
            {
              "ind": 0,
              "ty": "sh",
              "ix": 1,
              "ks": {
                "a": 0,
                "k": {
                  "i": [
                    [
                      2.186,
                      -1.874
                    ],
                    [
                      2.186,
                      1.873
                    ],
                    [
                      0,
                      0
                    ],
                    [
                      0,
                      0
                    ],
                    [
                      1.874,
                      1.873
                    ],
                    [
                      -1.873,
                      1.874
                    ],
                    [
                      0,
                      0
                    ],
                    [
                      0,
                      0
                    ],
                    [
                      -1.873,
                      2.186
                    ],
                    [
                      -1.873,
                      -1.873
                    ],
                    [
                      0,
                      0
                    ],
                    [
                      0,
                      0
                    ],
                    [
                      -2.186,
                      -1.873
                    ],
                    [
                      1.873,
                      -1.873
                    ],
                    [
                      0,
                      0
                    ],
                    [
                      0,
                      0
                    ]
                  ],
                  "o": [
                    [
                      -1.874,
                      1.873
                    ],
                    [
                      0,
                      0
                    ],
                    [
                      0,
                      0
                    ],
                    [
                      -1.873,
                      1.873
                    ],
                    [
                      -1.873,
                      -1.874
                    ],
                    [
                      0,
                      0
                    ],
                    [
                      0,
                      0
                    ],
                    [
                      -1.873,
                      -1.873
                    ],
                    [
                      1.874,
                      -1.873
                    ],
                    [
                      0,
                      0
                    ],
                    [
                      0,
                      0
                    ],
                    [
                      1.874,
                      -1.873
                    ],
                    [
                      1.873,
                      1.874
                    ],
                    [
                      0,
                      0
                    ],
                    [
                      0,
                      0
                    ],
                    [
                      2.186,
                      2.187
                    ]
                  ],
                  "v": [
                    [
                      23.577,
                      23.734
                    ],
                    [
                      16.394,
                      23.734
                    ],
                    [
                      -0.156,
                      7.182
                    ],
                    [
                      -16.708,
                      23.734
                    ],
                    [
                      -23.89,
                      23.734
                    ],
                    [
                      -23.89,
                      16.551
                    ],
                    [
                      -7.027,
                      0.001
                    ],
                    [
                      -23.89,
                      -16.551
                    ],
                    [
                      -23.89,
                      -23.734
                    ],
                    [
                      -16.708,
                      -23.734
                    ],
                    [
                      -0.156,
                      -6.87
                    ],
                    [
                      16.394,
                      -23.734
                    ],
                    [
                      23.577,
                      -23.734
                    ],
                    [
                      23.577,
                      -16.551
                    ],
                    [
                      7.026,
                      0.001
                    ],
                    [
                      23.577,
                      16.551
                    ]
                  ],
                  "c": true
                },
                "ix": 2
              },
              "nm": "Path 1",
              "mn": "ADBE Vector Shape - Group",
              "hd": false
            },
            {
              "ty": "fl",
              "c": {
                "a": 0,
                "k": [
                  1,
                  1,
                  1,
                  1
                ],
                "ix": 4
              },
              "o": {
                "a": 0,
                "k": 100,
                "ix": 5
              },
              "r": 1,
              "bm": 0,
              "nm": "Fill 1",
              "mn": "ADBE Vector Graphic - Fill",
              "hd": false
            },
            {
              "ty": "tr",
              "p": {
                "a": 0,
                "k": [
                  26.156,
                  26.035
                ],
                "ix": 2
              },
              "a": {
                "a": 0,
                "k": [
                  0,
                  0
                ],
                "ix": 1
              },
              "s": {
                "a": 0,
                "k": [
                  100,
                  100
                ],
                "ix": 3
              },
              "r": {
                "a": 0,
                "k": 0,
                "ix": 6
              },
              "o": {
                "a": 0,
                "k": 100,
                "ix": 7
              },
              "sk": {
                "a": 0,
                "k": 0,
                "ix": 4
              },
              "sa": {
                "a": 0,
                "k": 0,
                "ix": 5
              },
              "nm": "Transform"
            }
          ],
          "nm": "Group 1",
          "np": 2,
          "cix": 2,
          "bm": 0,
          "ix": 1,
          "mn": "ADBE Vector Group",
          "hd": false
        }
      ],
      "ip": 0,
      "op": 120.0000048877,
      "st": 0,
      "bm": 0
    },
    {
      "ddd": 0,
      "ind": 2,
      "ty": 4,
      "nm": "aksen Outlines",
      "sr": 1,
      "ks": {
        "o": {
          "a": 1,
          "k": [
            {
              "i": {
                "x": [
                  0.667
                ],
                "y": [
                  1
                ]
              },
              "o": {
                "x": [
                  0.333
                ],
                "y": [
                  0
                ]
              },
              "t": 0,
              "s": [
                0
              ]
            },
            {
              "t": 15.0000006109625,
              "s": [
                16
              ]
            }
          ],
          "ix": 11
        },
        "r": {
          "a": 0,
          "k": 0,
          "ix": 10
        },
        "p": {
          "a": 0,
          "k": [
            75,
            75,
            0
          ],
          "ix": 2,
          "l": 2
        },
        "a": {
          "a": 0,
          "k": [
            50,
            50,
            0
          ],
          "ix": 1,
          "l": 2
        },
        "s": {
          "a": 1,
          "k": [
            {
              "i": {
                "x": [
                  0.667,
                  0.667,
                  0.667
                ],
                "y": [
                  1,
                  1,
                  1
                ]
              },
              "o": {
                "x": [
                  0.333,
                  0.333,
                  0.333
                ],
                "y": [
                  0,
                  0,
                  0
                ]
              },
              "t": 0,
              "s": [
                0,
                0,
                100
              ]
            },
            {
              "t": 15.0000006109625,
              "s": [
                100,
                100,
                100
              ]
            }
          ],
          "ix": 6,
          "l": 2
        }
      },
      "ao": 0,
      "shapes": [
        {
          "ty": "gr",
          "it": [
            {
              "ind": 0,
              "ty": "sh",
              "ix": 1,
              "ks": {
                "a": 0,
                "k": {
                  "i": [
                    [
                      -0.13,
                      -0.16
                    ],
                    [
                      21.351,
                      -15.727
                    ],
                    [
                      2.202,
                      0.84
                    ],
                    [
                      0.09,
                      0.074
                    ],
                    [
                      -13.75,
                      14.05
                    ],
                    [
                      -13.75,
                      -14.05
                    ]
                  ],
                  "o": [
                    [
                      10.125,
                      27.304
                    ],
                    [
                      -25.518,
                      18.796
                    ],
                    [
                      -0.128,
                      -0.099
                    ],
                    [
                      -15.31,
                      -12.49
                    ],
                    [
                      13.74,
                      -14.05
                    ],
                    [
                      0.15,
                      0.15
                    ]
                  ],
                  "v": [
                    [
                      42.568,
                      -36.391
                    ],
                    [
                      22.875,
                      36.532
                    ],
                    [
                      -35.592,
                      43.349
                    ],
                    [
                      -35.922,
                      43.089
                    ],
                    [
                      -35.922,
                      -36.851
                    ],
                    [
                      42.148,
                      -36.851
                    ]
                  ],
                  "c": true
                },
                "ix": 2
              },
              "nm": "Path 1",
              "mn": "ADBE Vector Shape - Group",
              "hd": false
            },
            {
              "ty": "fl",
              "c": {
                "a": 0,
                "k": [
                  1,
                  1,
                  1,
                  1
                ],
                "ix": 4
              },
              "o": {
                "a": 0,
                "k": 100,
                "ix": 5
              },
              "r": 1,
              "bm": 0,
              "nm": "Fill 1",
              "mn": "ADBE Vector Graphic - Fill",
              "hd": false
            },
            {
              "ty": "tr",
              "p": {
                "a": 0,
                "k": [
                  46.892,
                  47.54
                ],
                "ix": 2
              },
              "a": {
                "a": 0,
                "k": [
                  0,
                  0
                ],
                "ix": 1
              },
              "s": {
                "a": 0,
                "k": [
                  100,
                  100
                ],
                "ix": 3
              },
              "r": {
                "a": 0,
                "k": 0,
                "ix": 6
              },
              "o": {
                "a": 0,
                "k": 100,
                "ix": 7
              },
              "sk": {
                "a": 0,
                "k": 0,
                "ix": 4
              },
              "sa": {
                "a": 0,
                "k": 0,
                "ix": 5
              },
              "nm": "Transform"
            }
          ],
          "nm": "Group 1",
          "np": 4,
          "cix": 2,
          "bm": 0,
          "ix": 1,
          "mn": "ADBE Vector Group",
          "hd": false
        }
      ],
      "ip": 0,
      "op": 120.0000048877,
      "st": 0,
      "bm": 0
    },
    {
      "ddd": 0,
      "ind": 3,
      "ty": 4,
      "nm": "BG Outlines",
      "sr": 1,
      "ks": {
        "o": {
          "a": 1,
          "k": [
            {
              "i": {
                "x": [
                  0.667
                ],
                "y": [
                  1
                ]
              },
              "o": {
                "x": [
                  0.333
                ],
                "y": [
                  0
                ]
              },
              "t": 0,
              "s": [
                0
              ]
            },
            {
              "t": 15.0000006109625,
              "s": [
                100
              ]
            }
          ],
          "ix": 11
        },
        "r": {
          "a": 0,
          "k": 0,
          "ix": 10
        },
        "p": {
          "a": 0,
          "k": [
            75,
            75,
            0
          ],
          "ix": 2,
          "l": 2
        },
        "a": {
          "a": 0,
          "k": [
            50,
            50,
            0
          ],
          "ix": 1,
          "l": 2
        },
        "s": {
          "a": 1,
          "k": [
            {
              "i": {
                "x": [
                  0.667,
                  0.667,
                  0.667
                ],
                "y": [
                  1,
                  1,
                  1
                ]
              },
              "o": {
                "x": [
                  0.333,
                  0.333,
                  0.333
                ],
                "y": [
                  0,
                  0,
                  0
                ]
              },
              "t": 0,
              "s": [
                0,
                0,
                100
              ]
            },
            {
              "t": 15.0000006109625,
              "s": [
                100,
                100,
                100
              ]
            }
          ],
          "ix": 6,
          "l": 2
        }
      },
      "ao": 0,
      "shapes": [
        {
          "ty": "gr",
          "it": [
            {
              "ind": 0,
              "ty": "sh",
              "ix": 1,
              "ks": {
                "a": 0,
                "k": {
                  "i": [
                    [
                      6.87,
                      -7.027
                    ],
                    [
                      -15.303,
                      -12.491
                    ],
                    [
                      -15.658,
                      -0.029
                    ],
                    [
                      0,
                      0
                    ],
                    [
                      -7.615,
                      6.216
                    ],
                    [
                      13.741,
                      14.053
                    ],
                    [
                      16.083,
                      0
                    ]
                  ],
                  "o": [
                    [
                      -13.742,
                      14.053
                    ],
                    [
                      7.459,
                      6.216
                    ],
                    [
                      0,
                      0
                    ],
                    [
                      15.659,
                      -0.029
                    ],
                    [
                      15.302,
                      -12.491
                    ],
                    [
                      -6.87,
                      -7.027
                    ],
                    [
                      -16.082,
                      0
                    ]
                  ],
                  "v": [
                    [
                      -39.034,
                      -39.386
                    ],
                    [
                      -39.034,
                      40.558
                    ],
                    [
                      -0.336,
                      49.926
                    ],
                    [
                      0.102,
                      49.926
                    ],
                    [
                      39.035,
                      40.558
                    ],
                    [
                      39.035,
                      -39.386
                    ],
                    [
                      0,
                      -49.926
                    ]
                  ],
                  "c": true
                },
                "ix": 2
              },
              "nm": "Path 1",
              "mn": "ADBE Vector Shape - Group",
              "hd": false
            },
            {
              "ty": "fl",
              "c": {
                "a": 0,
                "k": [
                  0.858823529412,
                  0.003921568627,
                  0.070588235294,
                  1
                ],
                "ix": 4
              },
              "o": {
                "a": 0,
                "k": 100,
                "ix": 5
              },
              "r": 1,
              "bm": 0,
              "nm": "Fill 1",
              "mn": "ADBE Vector Graphic - Fill",
              "hd": false
            },
            {
              "ty": "tr",
              "p": {
                "a": 0,
                "k": [
                  50,
                  50.074
                ],
                "ix": 2
              },
              "a": {
                "a": 0,
                "k": [
                  0,
                  0
                ],
                "ix": 1
              },
              "s": {
                "a": 0,
                "k": [
                  100,
                  100
                ],
                "ix": 3
              },
              "r": {
                "a": 0,
                "k": 0,
                "ix": 6
              },
              "o": {
                "a": 0,
                "k": 100,
                "ix": 7
              },
              "sk": {
                "a": 0,
                "k": 0,
                "ix": 4
              },
              "sa": {
                "a": 0,
                "k": 0,
                "ix": 5
              },
              "nm": "Transform"
            }
          ],
          "nm": "Group 1",
          "np": 2,
          "cix": 2,
          "bm": 0,
          "ix": 1,
          "mn": "ADBE Vector Group",
          "hd": false
        }
      ],
      "ip": 0,
      "op": 120.0000048877,
      "st": 0,
      "bm": 0
    },
    {
      "ddd": 0,
      "ind": 4,
      "ty": 4,
      "nm": "BG Outlines 4",
      "sr": 1,
      "ks": {
        "o": {
          "a": 1,
          "k": [
            {
              "i": {
                "x": [
                  0.833
                ],
                "y": [
                  0.833
                ]
              },
              "o": {
                "x": [
                  0.167
                ],
                "y": [
                  0.167
                ]
              },
              "t": 12,
              "s": [
                0
              ]
            },
            {
              "i": {
                "x": [
                  0.833
                ],
                "y": [
                  0.833
                ]
              },
              "o": {
                "x": [
                  0.167
                ],
                "y": [
                  0.167
                ]
              },
              "t": 22,
              "s": [
                8
              ]
            },
            {
              "i": {
                "x": [
                  0.833
                ],
                "y": [
                  0.833
                ]
              },
              "o": {
                "x": [
                  0.167
                ],
                "y": [
                  0.167
                ]
              },
              "t": 29,
              "s": [
                5
              ]
            },
            {
              "t": 50.0000020365418,
              "s": [
                0
              ]
            }
          ],
          "ix": 11
        },
        "r": {
          "a": 0,
          "k": 0,
          "ix": 10
        },
        "p": {
          "a": 0,
          "k": [
            75,
            75,
            0
          ],
          "ix": 2,
          "l": 2
        },
        "a": {
          "a": 0,
          "k": [
            50,
            50,
            0
          ],
          "ix": 1,
          "l": 2
        },
        "s": {
          "a": 1,
          "k": [
            {
              "i": {
                "x": [
                  0.021,
                  0.021,
                  0.667
                ],
                "y": [
                  1.001,
                  1.001,
                  1
                ]
              },
              "o": {
                "x": [
                  0.333,
                  0.333,
                  0.333
                ],
                "y": [
                  0,
                  0,
                  0
                ]
              },
              "t": 12,
              "s": [
                -20,
                -20,
                100
              ]
            },
            {
              "t": 22.0000008960784,
              "s": [
                120,
                120,
                100
              ]
            }
          ],
          "ix": 6,
          "l": 2
        }
      },
      "ao": 0,
      "shapes": [
        {
          "ty": "gr",
          "it": [
            {
              "ind": 0,
              "ty": "sh",
              "ix": 1,
              "ks": {
                "a": 0,
                "k": {
                  "i": [
                    [
                      6.87,
                      -7.027
                    ],
                    [
                      -15.303,
                      -12.491
                    ],
                    [
                      -15.658,
                      -0.029
                    ],
                    [
                      0,
                      0
                    ],
                    [
                      -7.615,
                      6.216
                    ],
                    [
                      13.741,
                      14.053
                    ],
                    [
                      16.083,
                      0
                    ]
                  ],
                  "o": [
                    [
                      -13.742,
                      14.053
                    ],
                    [
                      7.459,
                      6.216
                    ],
                    [
                      0,
                      0
                    ],
                    [
                      15.659,
                      -0.029
                    ],
                    [
                      15.302,
                      -12.491
                    ],
                    [
                      -6.87,
                      -7.027
                    ],
                    [
                      -16.082,
                      0
                    ]
                  ],
                  "v": [
                    [
                      -39.034,
                      -39.386
                    ],
                    [
                      -39.034,
                      40.558
                    ],
                    [
                      -0.336,
                      49.926
                    ],
                    [
                      0.102,
                      49.926
                    ],
                    [
                      39.035,
                      40.558
                    ],
                    [
                      39.035,
                      -39.386
                    ],
                    [
                      0,
                      -49.926
                    ]
                  ],
                  "c": true
                },
                "ix": 2
              },
              "nm": "Path 1",
              "mn": "ADBE Vector Shape - Group",
              "hd": false
            },
            {
              "ty": "fl",
              "c": {
                "a": 0,
                "k": [
                  0.85882358925,
                  0.003921568627,
                  0.070588235294,
                  1
                ],
                "ix": 4
              },
              "o": {
                "a": 0,
                "k": 100,
                "ix": 5
              },
              "r": 1,
              "bm": 0,
              "nm": "Fill 1",
              "mn": "ADBE Vector Graphic - Fill",
              "hd": false
            },
            {
              "ty": "tr",
              "p": {
                "a": 0,
                "k": [
                  50,
                  50.074
                ],
                "ix": 2
              },
              "a": {
                "a": 0,
                "k": [
                  0,
                  0
                ],
                "ix": 1
              },
              "s": {
                "a": 0,
                "k": [
                  100,
                  100
                ],
                "ix": 3
              },
              "r": {
                "a": 0,
                "k": 0,
                "ix": 6
              },
              "o": {
                "a": 0,
                "k": 100,
                "ix": 7
              },
              "sk": {
                "a": 0,
                "k": 0,
                "ix": 4
              },
              "sa": {
                "a": 0,
                "k": 0,
                "ix": 5
              },
              "nm": "Transform"
            }
          ],
          "nm": "Group 1",
          "np": 2,
          "cix": 2,
          "bm": 0,
          "ix": 1,
          "mn": "ADBE Vector Group",
          "hd": false
        }
      ],
      "ip": 0,
      "op": 120.0000048877,
      "st": 0,
      "bm": 0
    },
    {
      "ddd": 0,
      "ind": 5,
      "ty": 4,
      "nm": "BG Outlines 3",
      "sr": 1,
      "ks": {
        "o": {
          "a": 1,
          "k": [
            {
              "i": {
                "x": [
                  0.833
                ],
                "y": [
                  0.833
                ]
              },
              "o": {
                "x": [
                  0.167
                ],
                "y": [
                  0.167
                ]
              },
              "t": 50,
              "s": [
                0
              ]
            },
            {
              "i": {
                "x": [
                  0.833
                ],
                "y": [
                  0.833
                ]
              },
              "o": {
                "x": [
                  0.167
                ],
                "y": [
                  0.167
                ]
              },
              "t": 60,
              "s": [
                5
              ]
            },
            {
              "t": 88.0000035843135,
              "s": [
                0
              ]
            }
          ],
          "ix": 11
        },
        "r": {
          "a": 0,
          "k": 0,
          "ix": 10
        },
        "p": {
          "a": 0,
          "k": [
            75,
            75,
            0
          ],
          "ix": 2,
          "l": 2
        },
        "a": {
          "a": 0,
          "k": [
            50,
            50,
            0
          ],
          "ix": 1,
          "l": 2
        },
        "s": {
          "a": 1,
          "k": [
            {
              "i": {
                "x": [
                  0.021,
                  0.021,
                  0.667
                ],
                "y": [
                  1.001,
                  1.001,
                  1
                ]
              },
              "o": {
                "x": [
                  0.333,
                  0.333,
                  0.333
                ],
                "y": [
                  0,
                  0,
                  0
                ]
              },
              "t": 50,
              "s": [
                -20,
                -20,
                100
              ]
            },
            {
              "t": 60.0000024438501,
              "s": [
                130,
                130,
                100
              ]
            }
          ],
          "ix": 6,
          "l": 2
        }
      },
      "ao": 0,
      "shapes": [
        {
          "ty": "gr",
          "it": [
            {
              "ind": 0,
              "ty": "sh",
              "ix": 1,
              "ks": {
                "a": 0,
                "k": {
                  "i": [
                    [
                      6.87,
                      -7.027
                    ],
                    [
                      -15.303,
                      -12.491
                    ],
                    [
                      -15.658,
                      -0.029
                    ],
                    [
                      0,
                      0
                    ],
                    [
                      -7.615,
                      6.216
                    ],
                    [
                      13.741,
                      14.053
                    ],
                    [
                      16.083,
                      0
                    ]
                  ],
                  "o": [
                    [
                      -13.742,
                      14.053
                    ],
                    [
                      7.459,
                      6.216
                    ],
                    [
                      0,
                      0
                    ],
                    [
                      15.659,
                      -0.029
                    ],
                    [
                      15.302,
                      -12.491
                    ],
                    [
                      -6.87,
                      -7.027
                    ],
                    [
                      -16.082,
                      0
                    ]
                  ],
                  "v": [
                    [
                      -39.034,
                      -39.386
                    ],
                    [
                      -39.034,
                      40.558
                    ],
                    [
                      -0.336,
                      49.926
                    ],
                    [
                      0.102,
                      49.926
                    ],
                    [
                      39.035,
                      40.558
                    ],
                    [
                      39.035,
                      -39.386
                    ],
                    [
                      0,
                      -49.926
                    ]
                  ],
                  "c": true
                },
                "ix": 2
              },
              "nm": "Path 1",
              "mn": "ADBE Vector Shape - Group",
              "hd": false
            },
            {
              "ty": "fl",
              "c": {
                "a": 0,
                "k": [
                  0.85882358925,
                  0.003921568627,
                  0.070588235294,
                  1
                ],
                "ix": 4
              },
              "o": {
                "a": 0,
                "k": 100,
                "ix": 5
              },
              "r": 1,
              "bm": 0,
              "nm": "Fill 1",
              "mn": "ADBE Vector Graphic - Fill",
              "hd": false
            },
            {
              "ty": "tr",
              "p": {
                "a": 0,
                "k": [
                  50,
                  50.074
                ],
                "ix": 2
              },
              "a": {
                "a": 0,
                "k": [
                  0,
                  0
                ],
                "ix": 1
              },
              "s": {
                "a": 0,
                "k": [
                  100,
                  100
                ],
                "ix": 3
              },
              "r": {
                "a": 0,
                "k": 0,
                "ix": 6
              },
              "o": {
                "a": 0,
                "k": 100,
                "ix": 7
              },
              "sk": {
                "a": 0,
                "k": 0,
                "ix": 4
              },
              "sa": {
                "a": 0,
                "k": 0,
                "ix": 5
              },
              "nm": "Transform"
            }
          ],
          "nm": "Group 1",
          "np": 2,
          "cix": 2,
          "bm": 0,
          "ix": 1,
          "mn": "ADBE Vector Group",
          "hd": false
        }
      ],
      "ip": 0,
      "op": 120.0000048877,
      "st": 0,
      "bm": 0
    }
  ],
  "markers": []
}